{
  "path": "input_audio/myoudio.mp3",
  "tempo": 129.19921875,
  "beat_times": [
    0.6733786848072563,
    1.18421768707483,
    1.6950566893424037,
    2.182675736961451,
    2.647074829931973,
    3.111473922902494,
    3.622312925170068,
    4.133151927437642,
    4.6439909297052155,
    5.108390022675737,
    5.572789115646258,
    6.0836281179138325,
    6.594467120181406,
    7.082086167800454,
    7.569705215419501,
    8.034104308390022,
    8.544943310657596,
    9.05578231292517,
    9.543401360544218,
    10.00780045351474,
    10.47219954648526,
    10.95981859410431,
    11.470657596371883,
    11.981496598639456,
    12.445895691609977,
    12.887074829931972,
    13.397913832199546,
    13.931972789115646,
    14.44281179138322,
    14.883990929705215,
    15.371609977324264,
    15.836009070294784,
    16.370068027210884,
    16.880907029478458,
    17.345306122448978,
    17.809705215419502,
    18.250884353741498,
    18.692063492063493,
    19.17968253968254,
    19.644081632653062,
    20.108480725623583,
    20.572879818594103,
    21.060498866213152,
    21.501678004535147,
    21.966077097505668
  ],
  "onset_times": [
    0.06965986394557823,
    0.18575963718820862,
    0.6501587301587302,
    1.2770975056689342,
    1.8808163265306121,
    2.182675736961451,
    2.48453514739229,
    2.647074829931973,
    3.0882539682539685,
    3.4133333333333336,
    4.620770975056689,
    4.922630385487528,
    5.085170068027211,
    5.5495691609977325,
    6.176507936507937,
    6.315827664399093,
    6.780226757369615,
    7.082086167800454,
    7.383945578231293,
    7.523265306122449,
    8.010884353741497,
    8.312743764172335,
    9.520181405895691,
    9.7059410430839,
    9.845260770975056,
    10.00780045351474,
    10.170340136054422,
    10.286439909297052,
    10.448979591836734,
    10.936598639455783,
    11.00625850340136,
    11.284897959183674,
    11.563537414965987,
    11.981496598639456,
    12.167256235827665,
    12.30657596371882,
    12.445895691609977,
    12.631655328798185,
    12.770975056689343,
    12.887074829931972,
    13.096054421768708,
    13.235374149659863,
    13.397913832199546,
    13.56045351473923,
    13.839092970521541,
    14.001632653061224,
    14.419591836734694,
    14.628571428571428,
    14.744671201814059,
    14.86077097505669,
    15.046530612244897,
    15.185850340136055,
    15.348390022675737,
    15.696689342403628,
    15.836009070294784,
    16.021768707482995,
    16.16108843537415,
    16.439727891156462,
    16.579047619047618,
    16.718367346938777,
    16.857687074829933,
    17.066666666666666,
    17.182766439909297,
    17.507845804988662,
    17.57750566893424,
    17.69360544217687,
    17.786485260770974,
    17.972244897959182,
    18.297324263038547,
    18.390204081632653,
    18.575963718820862,
    18.692063492063493,
    18.877823129251702,
    18.99392290249433,
    19.202902494331067,
    19.319002267573698,
    19.644081632653062,
    20.24780045351474,
    20.688979591836734,
    20.851519274376418,
    21.037278911564627,
    21.199818594104308,
    21.339138321995463,
    21.478458049886623,
    21.687437641723356,
    21.78031746031746,
    22.0821768707483
  ],
  "duration": 22.42503401360544,
  "simplified_energy_values_at_times": [
    [
      0.0,
      4.699999809265137
    ],
    [
      1.58,
      2.0999999046325684
    ],
    [
      3.18,
      2.299999952316284
    ],
    [
      4.78,
      3.299999952316284
    ],
    [
      6.39,
      2.4000000953674316
    ],
    [
      7.99,
      3.5999999046325684
    ],
    [
      9.59,
      13.699999809265137
    ],
    [
      11.19,
      6.199999809265137
    ],
    [
      12.79,
      9.899999618530273
    ],
    [
      14.4,
      5.300000190734863
    ],
    [
      16.0,
      3.700000047683716
    ],
    [
      17.6,
      8.0
    ],
    [
      19.2,
      3.799999952316284
    ],
    [
      20.81,
      6.199999809265137
    ],
    [
      22.41,
      4.800000190734863
    ]
  ]
}